zone_name,pop_density_per_km2,total_population,ndvi_vegetation,built_up_ratio,vulnerability_index,total_slum_clusters,slum_density_pct,predominant_roof_type
Central Delhi,27132,582320,0.14,0.78,0.72,58,18.5,Tin Sheet / Corrugated Metal
New Delhi,4057,142004,0.38,0.42,0.25,12,2.1,Paved Concrete / Masonry
North Delhi,14557,887978,0.18,0.71,0.65,64,16.2,Asbestos / Tin Sheet
North East Delhi,36155,2241624,0.09,0.86,0.88,92,26.8,Tin Sheet / Plastic Tarpaulin
East Delhi,27132,1709346,0.12,0.81,0.79,78,21.4,Corrugated Tin
North West Delhi,8254,3656539,0.22,0.64,0.58,85,17.6,Tin Sheet / Brick
West Delhi,19563,2543243,0.16,0.74,0.67,69,14.8,Tin Sheet / Masonry
South West Delhi,5445,2292958,0.27,0.52,0.45,34,7.5,Mixed
South Delhi,10935,2731929,0.32,0.55,0.48,46,8.4,Tin / Paved
South East Delhi,18200,1845000,0.19,0.69,0.68,71,19.3,Tin Sheet / Corrugated
Shahdara,32400,1580000,0.08,0.87,0.85,66,24.1,Tin Sheet / Plastic Sheet
Gurugram,4200,1514085,0.21,0.62,0.49,38,9.2,Tin Sheet / Temporary Shacks
Noida,5100,637272,0.24,0.6,0.46,31,7.8,Temporary Shacks / Tin
Faridabad,9600,1809733,0.19,0.68,0.59,45,11.5,Tin Sheet
Ghaziabad,8900,2375820,0.17,0.7,0.61,52,13.7,Tin / Brick Sheet
